Name,Email
Romsey Dental Care LTD,admin@romseydental.com.au
Romsey Dental Care LTD,info@dentalimplantshampshire.co.uk
Romsey Dental Care LTD,enquiries@romseydentalcare.co.uk
Frederick Street Family Dental Practice,info@frederickstreetdental.co.uk
Frederick Street Family Dental Practice,frederickstreetdental@outlook.com
Westmount Dental Sunderland,email@email.Contact
Westmount Dental Sunderland,jarrow@westmountdentalsurgery.co.uk
Westmount Dental Sunderland,DDSAdmissions@unc.edu
Westmount Dental Sunderland,info@dentalcouncil.ie
Westmount Dental Sunderland,smile@westmountdentalsurgery.co.uk
Westmount Dental Sunderland,reception@parkroaddental.co.uk
Truly Dental,dental@udmercy.edu
Truly Dental,55369Emailinfo.gcindia@gc.dental
Truly Dental,topdentalpractices@gmail.com
Truly Dental,info@oneandtrulydental.com
Truly Dental,info@trulydental.ie
Truly Dental,info@trulydental.co.uk
Silver and Charlton Dental Surgery,practiceplan@silvercharltondental.co.uk
Silver and Charlton Dental Surgery,info@silvercharltondental.co.uk
Silver and Charlton Dental Surgery,bgcben@aol.co.uk
Silver and Charlton Dental Surgery,admin@charltondental.co.uk
Silver and Charlton Dental Surgery,reception@parkroaddental.co.uk
mydentist Oliver's House Sunderland,olivershouse-tco@mydentist.co.uk
mydentist Oliver's House Sunderland,tco@mydentist.co.uk
mydentist Oliver's House Sunderland,jhaswell@mydentist.co.uk
Grangetown Family Dental Health Centre,mail@grangetowndental.co.uk
Grangetown Family Dental Health Centre,t.broughton@gfdhc.co.uk
Grangetown Family Dental Health Centre,mail@gfdhc.co.uk
mydentist Newcastle Road Sunderland,jmadeley@mydentist.co.uk
mydentist Newcastle Road Sunderland,sunderland-pm@mydentist.co.uk
Sunderland Royal Hospital,stsft.recruitmentservices.generalenquiries@nhs.net
Sunderland Royal Hospital,Wellbeing@sunderland.ac.uk
Sunderland Royal Hospital,stsft.workexperience@nhs.net
Sunderland Royal Hospital,communitydentalsotw.electronicreferrals@nhs.net
Sunderland Royal Hospital,nss.psddental@nhs.scot
Park Lane Dental Clinic,msdentalclinic01@gmail.com
Park Lane Dental Clinic,parklane@colosseumdental.co.uk
Park Lane Dental Clinic,reception@parklanedental.co.uk
Park Lane Dental Clinic,reception.parklane@colosseumdental.co.uk
Park Lane Dental Clinic,pl@parklanedentalgroup.com
Park Lane Dental Clinic,reception@parkroaddental.co.uk
Sunderland Dental Equipment Ltd,sales@dbdental.co.uk
Breeze Dental,info@breezedentaloh.com
Breeze Dental,breezedentalreception@gmail.com
Breeze Dental,info@breezedental.com.au
Breeze Dental,breezedental@hotmail.com
Breeze Dental,contact@shorebreezedental.ca
mydentist The Green Southwick,lee946@btinternet.com
Dr.Eassun Cosmetic and Implant Dentistry,olivershouse-tco@mydentist.co.uk
Dr.Eassun Cosmetic and Implant Dentistry,eassun.ravindran@gmail.com
Dr.Eassun Cosmetic and Implant Dentistry,gateshead@perfectsmile-dental.com
The Mill Dental Practice,Privacy@mydentalmail.com
The Mill Dental Practice,reception.milldentalcentre@gmail.com
The Mill Dental Practice,reception@millhilldentist.co.uk
The Mill Dental Practice,texthelp@dentalmessages.com
The Mill Dental Practice,info@milldentalnantwich.co.uk
Riveredge Cosmetic Dentistry,info@riveredge.co.uk
Riveredge Cosmetic Dentistry,jayne@riveredge.co.uk
City Dental,dental@udmercy.edu
City Dental,parkcitydentalclinic@gmail.com
City Dental,info@citydental.se
City Dental,sdmcomms@stonybrookmedicine.edu
City Dental,appointment@citydentaldc.com
City Dental,reception@parkroaddental.co.uk
Silver Dr V P,silverfern@peterbaillon.co.uk
Silver Dr V P,pmgilmerton@brite-dental.co.uk
Silver Dr V P,sarah.cunliffe@mps.org
{My} Dentist,patientsupport@mydentist.co.uk
{My} Dentist,FLast@mydentist.co.uk
{My} Dentist,gloucester-tco@mydentist.co.uk
{My} Dentist,ABBDental.Helpline@wales.nhs.uk
Silver and Charlton Dental Fulwell,info@silvercharltondental.co.uk
Sunderland Royal Hospital Emergency Room,communitydentalsotw.electronicreferrals@nhs.net
Sunderland Royal Hospital Emergency Room,stsft.workexperience@nhs.net
Sunderland Royal Hospital Emergency Room,stsft.recruitmentservices.generalenquiries@nhs.net
ALS Dental Ltd,55369Emailinfo.gcindia@gc.dental
ALS Dental Ltd,info@als-dental.com
ALS Dental Ltd,daniel.subramaniam@als-dental.com
ALS Dental Ltd,info@dentaltechnique.co.uk
Wearside Orthodontic Centre,hello@wearside-orthodontics.co.uk
Sunderland Dental,reception@sunderlanddental.ca
Sunderland Dental,enquiries@city-dental.co.uk
Sunderland Dental,communitydentalsotw.electronicreferrals@nhs.net
Sunderland Dental,ashley.murphy6@nhs.net
mydentist Marina Terrace Whitburn,whitburn-rec@mydentist.co.uk
Cleadon Dental Practice,reception@cleadondental.co.uk
Cleadon Dental Practice,Reception@cleadondental.co.uk
Cleadon Dental Practice,claire@cleadondental.co.uk
Park Lane Practice,info@bridgemedicalpractice.ie
Park Lane Practice,parklanesurgery@nhs.net
Park Lane Practice,thccg.limehouse@nhs.net
University of Sunderland City Campus,Wellbeing@sunderland.ac.uk
University of Sunderland City Campus,student.helpline@sunderland.ac.uk
University of Sunderland City Campus,gateway@sunderland.ac.uk
University of Sunderland City Campus,education@rcseng.ac.uk
mydentist Sunderland Road South Shields,sunderlandroad-pm@mydentist.co.uk
